{
  "epsi1": 0.28899764,
  "epsi21": 0.16993145,
  "epsi22": 0.28621797,
  "epsi3": 0.29302313,
  "epsi4": 0.29327097,
  "l1": [
    0.02647957018817174,
    -0.07412780673915004,
    -0.1217520556031055,
    0.15198980232480155
  ],
  "r1": [
    0.03469576380837439,
    -0.24646187524325155,
    0.5839288846925891,
    -0.5668354696325052
  ],
  "l2": [
    0.0018853376677879991,
    -0.018082139554714903,
    0.12269365163154416,
    -0.475700455337075
  ],
  "c2": [
    -6.015224766705943e-5,
    0.004102160567691075,
    -0.03171070730659311,
    0.06115218670840608
  ],
  "r2": [
    -0.010343306808795524,
    0.07912338671330096,
    -0.19907843189537472,
    0.16869674702619397
  ],
  "l3": [
    14.055117368564003,
    11.220981482256615,
    41.453345216204625,
    -8.246414068227658
  ],
  "r3": [
    66.66743850276758,
    -280.56477255146814,
    489.70293995304695,
    -230.83245346305924
  ],
  "l4": [
    -0.02501620905750655,
    0.15814880377120655,
    0.514283957030027,
    -1.5588271294471512
  ],
  "r4": [
    0.4306116494909718,
    -2.9875509371472284,
    7.142092827955612,
    -5.647421842655117
  ]
}